time,open_price,high_price,low_price,close_price,volume
2023-05-07 01:00:00,28899.81,29200.3,28434.18,28437.03,104.54963601
2023-05-06 01:00:00,29537.6,29847.7,28394.1,28899.81,234.21403391
2023-05-05 01:00:00,28846.43,29691.89,28820.88,29537.6,518.75455767
2023-05-04 01:00:00,29021.44,29350.08,28681.6,28846.43,304.89772239
2023-05-03 01:00:00,28677.24,29254.54,28137.58,29021.44,478.79516819
2023-05-02 01:00:00,28109.71,28899.02,27881.86,28677.24,383.90115216
2023-05-01 01:00:00,29241.04,29342.17,27680.68,28109.71,737.94519192
2023-04-30 01:00:00,29247.28,29956.39,29120.8,29241.04,282.27309787
2023-04-29 01:00:00,29341.78,29460.0,29065.53,29247.28,116.88259293
2023-04-28 01:00:00,29479.05,29614.84,28917.02,29341.78,211.71975034
2023-04-27 01:00:00,28421.91,29880.71,28387.03,29479.05,368.45165452
2023-04-26 01:00:00,28301.98,30015.08,27216.49,28421.91,848.34614962
2023-04-25 01:00:00,27510.9,28400.0,27201.0,28301.98,282.29559525
2023-04-24 01:00:00,27582.73,27993.9,26947.32,27510.9,432.25799486
2023-04-23 01:00:00,27818.97,27819.87,27350.0,27582.73,180.36043401
2023-04-22 01:00:00,27244.77,27886.42,26999.0,27818.97,326.03202005
2023-04-21 01:00:00,28200.0,28381.69,27132.54,27244.77,670.62024724
2023-04-20 01:00:00,28814.64,29091.26,27932.0,28200.0,446.65066311
2023-04-19 01:00:00,30374.65,30420.0,28573.0,28814.64,523.56730156
2023-04-18 01:00:00,29441.89,30451.68,29111.0,30374.65,480.31458457
2023-04-17 01:00:00,30307.98,30329.49,29250.0,29441.89,385.43361805
2023-04-16 01:00:00,30300.91,30534.81,30144.76,30307.98,156.21961474
2023-04-15 01:00:00,30484.98,30609.0,30245.75,30300.91,128.31999999
2023-04-14 01:00:00,30412.51,31069.93,30011.01,30484.98,479.04959135
2023-04-13 01:00:00,29903.38,30621.89,29897.76,30412.51,397.09147774
2023-04-12 01:00:00,30241.58,30799.0,29694.63,29903.38,437.93062116
2023-04-11 01:00:00,29654.49,30592.6,29654.0,30241.58,483.81539065
2023-04-10 01:00:00,28333.21,29800.0,28187.4,29654.49,602.96079203
2023-04-09 01:00:00,27960.67,28550.0,27823.75,28333.21,144.39120537
2023-04-08 01:00:00,27927.1,28174.64,27892.19,27960.67,102.92098334
2023-04-07 01:00:00,28050.03,28125.36,27800.01,27927.1,205.06019288
2023-04-06 01:00:00,28185.13,28190.0,27700.0,28050.03,283.45955487
2023-04-05 01:00:00,28177.43,28769.85,27822.96,28185.13,476.71945551
2023-04-04 01:00:00,27818.03,28448.69,27501.99,28177.43,287.2496538
2023-04-03 01:00:00,28200.01,28528.0,27250.0,27818.03,532.73373372
2023-04-02 01:00:00,28473.97,28534.19,27900.0,28200.01,197.18069747
2023-04-01 01:00:00,28486.15,28822.66,28264.52,28473.97,146.86125587
2023-03-31 01:00:00,27940.68,28650.0,27532.4,28486.15,372.21766579
2023-03-30 01:00:00,28326.4,29178.34,27706.83,27940.68,512.5116257
2023-03-29 01:00:00,27285.38,28625.57,27265.24,28326.4,529.98578905
2023-03-28 01:00:00,27144.17,27500.0,26652.26,27285.38,441.83423464
2023-03-27 01:00:00,28007.1,28048.32,26550.6,27144.17,628.59489832
2023-03-26 00:00:00,27493.93,28225.0,27451.58,28007.1,158.72426034
2023-03-25 00:00:00,27500.0,27808.89,27188.0,27493.93,254.76229079
2023-03-24 00:00:00,28351.42,28435.75,27050.47,27500.0,580.97055382
2023-03-23 00:00:00,27333.35,28825.05,27200.0,28351.42,797.62029933
2023-03-22 00:00:00,28209.0,28923.58,26693.3,27333.35,1053.27721266
2023-03-21 00:00:00,27816.33,28500.0,27425.27,28209.0,481.77509699
2023-03-20 00:00:00,28049.39,28543.0,27239.0,27816.33,709.31665892
2023-03-19 00:00:00,26979.65,28492.3,26901.45,28049.39,503.53015928
2023-03-18 00:00:00,27450.84,27760.38,26695.37,26979.65,619.48424892
2023-03-17 00:00:00,25051.75,27812.97,24945.0,27450.84,1421.80938717
2023-03-16 00:00:00,24386.43,25223.3,24224.24,25051.75,448.77754275
2023-03-15 00:00:00,24767.85,25284.77,23944.83,24386.43,646.9300365
2023-03-14 00:00:00,24236.61,26523.58,24047.19,24767.85,1186.533404
2023-03-13 00:00:00,22413.76,24689.7,22127.0,24236.61,1285.91371805
2023-03-12 00:00:00,21051.13,22999.99,20745.33,22413.76,1235.13970878
2023-03-11 00:00:00,20215.95,22138.99,20200.6,21051.13,1856.0653611
2023-03-10 00:00:00,20289.98,20300.0,19550.0,20215.95,818.99420246
2023-03-09 00:00:00,21704.4,21900.0,19300.0,20289.98,1644.08557592
2023-03-08 00:00:00,22211.93,22307.23,21583.39,21704.4,397.79410218
2023-03-07 00:00:00,22441.68,22549.84,21942.0,22211.93,440.8633001
2023-03-06 00:00:00,22428.34,22602.18,22270.25,22441.68,235.65236015
2023-03-05 00:00:00,22350.02,22643.36,22204.08,22428.34,72.64644579
2023-03-04 00:00:00,22502.71,23451.12,22166.71,22350.02,189.20877056
2023-03-03 00:00:00,23468.44,23481.2,22000.0,22502.71,908.20267741
2023-03-02 00:00:00,23652.59,23793.0,23202.72,23468.44,386.71251878
2023-03-01 00:00:00,23129.61,23984.44,23030.0,23652.59,337.66522722
2023-02-28 00:00:00,23494.73,23599.91,23031.92,23129.61,217.92765938
2023-02-27 00:00:00,23552.6,23885.27,23131.79,23494.73,425.46705426
2023-02-26 00:00:00,23170.88,23672.4,23069.14,23552.6,118.09264931
2023-02-25 00:00:00,23192.31,23215.96,22763.07,23170.88,133.80869336
2023-02-24 00:00:00,23948.04,24129.26,22853.7,23192.31,544.58657314
2023-02-23 00:00:00,24187.13,24600.0,23626.93,23948.04,350.60970533
2023-02-22 00:00:00,24450.5,24478.31,23585.31,24187.13,400.01895287
2023-02-21 00:00:00,24837.6,25250.0,24165.65,24450.5,612.68181797
2023-02-20 00:00:00,24289.53,25108.87,23857.95,24837.6,290.410564
2023-02-19 00:00:00,24633.13,25191.45,24211.0,24289.53,181.33495616
2023-02-18 00:00:00,24583.56,24862.26,24447.4,24633.13,90.85929172
2023-02-17 00:00:00,23520.73,25022.41,23362.63,24583.56,502.78212165
2023-02-16 00:00:00,24327.71,25248.87,23515.96,23520.73,907.09271257
2023-02-15 00:00:00,22213.76,24372.86,22059.99,24327.71,730.37852262
2023-02-14 00:00:00,21788.17,22322.35,21554.84,22213.76,343.04603628
2023-02-13 00:00:00,21784.4,21897.79,21379.61,21788.17,398.66300025
2023-02-12 00:00:00,21859.91,22077.22,21641.41,21784.4,118.51474121
2023-02-11 00:00:00,21632.82,21906.38,21615.75,21859.91,166.7123247
2023-02-10 00:00:00,21796.38,21929.99,21456.05,21632.82,554.60735366
2023-02-09 00:00:00,22975.33,23100.19,21686.0,21796.38,525.55483961
2023-02-08 00:00:00,23253.86,23442.0,22688.24,22975.33,249.03259979
2023-02-07 00:00:00,22763.32,23343.32,22749.55,23253.86,240.16915739
2023-02-06 00:00:00,22942.21,23158.26,22644.04,22763.32,376.69626578
2023-02-05 00:00:00,23344.6,23425.0,22763.36,22942.21,138.76698788
2023-02-04 00:00:00,23443.73,23575.81,23265.61,23344.6,138.50579608
2023-02-03 00:00:00,23486.51,23716.32,23218.51,23443.73,337.45675305
2023-02-02 00:00:00,23715.81,24254.29,23378.84,23486.51,511.64962701
2023-02-01 00:00:00,23138.09,23800.0,22801.85,23715.81,462.53413689
2023-01-31 00:00:00,22829.24,23303.72,22738.61,23138.09,371.24316228
2023-01-30 00:00:00,23761.08,23809.8,22498.99,22829.24,498.13991668
2023-01-29 00:00:00,23031.37,23953.42,22989.34,23761.08,335.61908423
2023-01-28 00:00:00,23075.34,23185.18,22888.45,23031.37,132.82086638
2023-01-27 00:00:00,23013.37,23495.58,22554.27,23075.34,442.03440767
2023-01-26 00:00:00,23054.33,23283.49,22866.73,23013.37,509.19151441
2023-01-25 00:00:00,22645.03,23817.34,22333.44,23054.33,561.02502611
2023-01-24 00:00:00,22916.75,23160.7,22476.89,22645.03,473.85795177
2023-01-23 00:00:00,22721.82,23171.47,22514.35,22916.75,445.45538694
2023-01-22 00:00:00,22790.41,23068.38,22311.47,22721.82,208.93791936
2023-01-21 00:00:00,22686.63,23354.72,22454.78,22790.41,502.87687347
2023-01-20 00:00:00,21087.22,22759.31,20870.0,22686.63,644.70246736
2023-01-19 00:00:00,20680.0,21188.14,20627.1,21087.22,497.99426156
2023-01-18 00:00:00,21141.43,21647.71,20413.93,20680.0,671.19749984
2023-01-17 00:00:00,21191.65,21595.31,20860.02,21141.43,497.83449605
2023-01-16 00:00:00,20895.0,21455.1,20642.35,21191.65,587.70632258
2023-01-15 00:00:00,20961.71,21053.04,20565.81,20895.0,383.2044192
2023-01-14 00:00:00,19934.04,21500.0,19903.19,20961.71,871.11661726
2023-01-13 00:00:00,18855.23,19997.79,18725.49,19934.04,941.78050059
2023-01-12 00:00:00,17949.47,19108.8,17900.0,18855.23,1193.45464522
2023-01-11 00:00:00,17442.95,17994.78,17302.14,17949.47,372.09028448
2023-01-10 00:00:00,17180.0,17493.45,17156.45,17442.95,324.81857675
2023-01-09 00:00:00,17127.57,17407.7,17111.19,17180.0,622.89133894
2023-01-08 00:00:00,16946.56,17164.05,16916.77,17127.57,224.22807971
2023-01-07 00:00:00,16952.92,16982.71,16881.18,16946.56,211.53570022
2023-01-06 00:00:00,16826.69,17041.86,16672.75,16952.92,405.64507287
2023-01-05 00:00:00,16854.3,16879.4,16745.82,16826.69,425.29875098
2023-01-04 00:00:00,16674.15,16975.08,16652.23,16854.3,629.77956663
2023-01-03 00:00:00,16666.61,16765.83,16590.9,16674.15,440.39688852
2023-01-02 00:00:00,16612.45,16775.0,16553.53,16666.61,292.35109285
2023-01-01 00:00:00,16529.0,16625.55,16489.46,16612.45,405.57697597
2022-12-31 00:00:00,16585.89,16624.93,16470.72,16529.0,1471.3249768
2022-12-30 00:00:00,16634.93,16651.0,16343.33,16585.89,672.48489523
2022-12-29 00:00:00,16533.41,16650.08,16488.6,16634.93,635.62862186
2022-12-28 00:00:00,16693.68,16740.0,16461.84,16533.41,865.49268257
2022-12-27 00:00:00,16908.98,16966.0,16599.1,16693.68,591.96572979
2022-12-26 00:00:00,16833.7,16929.58,16797.1,16908.98,234.99149041
2022-12-25 00:00:00,16849.79,16857.41,16680.0,16833.7,129.32658391
2022-12-24 00:00:00,16780.59,16874.5,16779.04,16849.79,152.52770167
2022-12-23 00:00:00,16823.03,16935.48,16750.99,16780.59,412.63138182
2022-12-22 00:00:00,16821.03,16874.33,16558.44,16823.03,872.07550676
2022-12-21 00:00:00,16908.52,16924.8,16750.0,16821.03,330.90720169
2022-12-20 00:00:00,16436.21,17000.0,16397.49,16908.52,372.03579689
2022-12-19 00:00:00,16746.46,16816.13,16256.06,16436.21,513.6310822
2022-12-18 00:00:00,16800.01,16855.52,16680.68,16746.46,232.76939832
2022-12-17 00:00:00,16637.01,16804.15,16593.01,16800.01,299.60549487
2022-12-16 00:00:00,17360.02,17470.0,16543.01,16637.01,696.95855701
2022-12-15 00:00:00,17803.55,18200.0,17287.1,17360.02,576.33592303
2022-12-14 00:00:00,17775.73,18360.51,17671.28,17803.55,949.62033105
2022-12-13 00:00:00,17215.47,17988.0,17096.9,17775.73,951.80447046
2022-12-12 00:00:00,17097.65,17237.47,16857.3,17215.47,512.08066648
2022-12-11 00:00:00,17140.18,17265.93,17084.42,17097.65,181.40501285
2022-12-10 00:00:00,17133.65,17242.39,17112.32,17140.18,414.93991034
2022-12-09 00:00:00,17233.43,17343.38,17069.33,17133.65,513.98599552
2022-12-08 00:00:00,16841.44,17292.45,16741.8,17233.43,620.96908936
2022-12-07 00:00:00,17091.48,17138.48,16689.06,16841.44,818.81040958
2022-12-06 00:00:00,16965.97,17129.64,16900.0,17091.48,578.11574367
2022-12-05 00:00:00,17113.31,17439.57,16874.14,16965.97,765.46869934
2022-12-04 00:00:00,16906.6,17210.13,16896.25,17113.31,330.48718172
2022-12-03 00:00:00,17097.82,17146.63,16882.13,16906.6,332.75625228
2022-12-02 00:00:00,16983.99,17101.01,16815.0,17097.82,421.45675066
2022-12-01 00:00:00,17167.03,17300.0,16900.0,16983.99,805.7539636
2022-11-30 00:00:00,16435.01,17246.82,16434.0,17167.03,874.71109259
2022-11-29 00:00:00,16212.39,16572.45,16098.34,16435.01,444.93812914
2022-11-28 00:00:00,16431.66,16482.08,16005.0,16212.39,549.73222308
2022-11-27 00:00:00,16454.1,16600.93,16405.0,16431.66,401.20423631
2022-11-26 00:00:00,16500.31,16684.08,16428.01,16454.1,392.68734455
2022-11-25 00:00:00,16577.33,16601.15,16341.9,16500.31,442.13792401
2022-11-24 00:00:00,16600.38,16796.59,16450.0,16577.33,457.29348164
2022-11-23 00:00:00,16192.05,16666.66,16143.69,16600.38,854.73786202
2022-11-22 00:00:00,15757.05,16284.89,15602.7,16192.05,779.42065307
2022-11-21 00:00:00,16247.48,16264.95,15485.62,15757.05,1771.39068937
2022-11-20 00:00:00,16685.2,16738.47,16161.36,16247.48,509.32167255
2022-11-19 00:00:00,16677.78,16800.0,16535.87,16685.2,354.14382886
2022-11-18 00:00:00,16660.05,16975.0,16513.8,16677.78,764.99788438
2022-11-17 00:00:00,16628.38,16781.31,16397.34,16660.05,1438.78897225
2022-11-16 00:00:00,16865.94,16984.51,16277.0,16628.38,2302.81126913
2022-11-15 00:00:00,16596.02,17100.0,16520.0,16865.94,4234.80647042
2022-11-14 00:00:00,16314.8,17146.63,15790.26,16596.02,1377.83581736
2022-11-13 00:00:00,16761.31,16915.34,16236.58,16314.8,516.23371993
2022-11-12 00:00:00,16939.88,17000.0,16508.6,16761.31,1090.64715658
2022-11-11 00:00:00,17566.09,17657.63,16341.5,16939.88,2407.75365213
2022-11-10 00:00:00,15880.18,18172.04,15724.19,17566.09,3102.16514439
2022-11-09 00:00:00,18545.44,18588.06,15555.0,15880.18,6179.46755571
2022-11-08 00:00:00,20500.71,20678.35,17025.41,18545.44,5914.74199625
2022-11-07 00:00:00,20932.0,21063.65,20397.95,20500.71,852.50236597
2022-11-06 00:00:00,21302.16,21358.99,20893.84,20932.0,302.8822916
2022-11-05 00:00:00,21156.18,21473.65,21084.33,21302.16,406.72868631
2022-11-04 00:00:00,20200.69,21293.24,20179.01,21156.18,1088.7269628
2022-11-03 00:00:00,20153.13,20387.79,20043.25,20200.69,574.26061711
2022-11-02 00:00:00,20476.36,20799.2,20059.66,20153.13,1155.63546375
2022-11-01 00:00:00,20495.6,20680.24,20334.64,20476.36,505.39419842
2022-10-31 00:00:00,20630.8,20833.79,20245.21,20495.6,763.57835804
2022-10-30 01:00:00,20822.1,20930.44,20518.9,20630.8,328.08463675
2022-10-29 01:00:00,20595.63,21078.31,20563.59,20822.1,447.47830721
2022-10-28 01:00:00,20291.12,20750.0,20001.0,20595.63,1184.86355389
2022-10-27 01:00:00,20772.67,20879.05,20211.91,20291.12,1301.88984144
2022-10-26 01:00:00,20089.09,21018.1,20058.64,20772.67,1416.23757737
2022-10-25 01:00:00,19334.22,20412.0,19246.46,20089.09,1508.92612819
2022-10-24 01:00:00,19573.16,19595.27,19167.36,19334.22,954.485133
2022-10-23 01:00:00,19204.5,19689.92,19080.65,19573.16,433.1692482
2022-10-22 01:00:00,19164.81,19250.0,19120.0,19204.5,361.31187882
2022-10-21 01:00:00,19046.3,19250.0,18666.0,19164.81,1002.10443651
2022-10-20 01:00:00,19128.09,19347.71,18912.19,19046.3,763.92409534
2022-10-19 01:00:00,19333.87,19359.55,19070.65,19128.09,712.83934807
2022-10-18 01:00:00,19553.51,19700.0,19100.0,19333.87,1096.37340412
2022-10-17 01:00:00,19263.57,19672.22,19165.64,19553.51,984.12982441
2022-10-16 01:00:00,19073.57,19425.0,19072.44,19263.57,257.11555126
2022-10-15 01:00:00,19184.53,19223.79,19007.0,19073.57,672.12530359
2022-10-14 01:00:00,19382.69,19946.3,19061.09,19184.53,1158.3085202
2022-10-13 01:00:00,19157.49,19501.28,18165.73,19382.69,2611.76143974
2022-10-12 01:00:00,19058.9,19226.5,18978.4,19157.49,688.16802365
2022-10-11 01:00:00,19131.81,19262.35,18860.71,19058.9,907.1772615
2022-10-10 01:00:00,19451.77,19528.04,19029.95,19131.81,884.89066179
2022-10-09 01:00:00,19415.77,19555.52,19327.88,19451.77,329.34031081
2022-10-08 01:00:00,19533.17,19634.76,19190.0,19415.77,369.35365376
2022-10-07 01:00:00,19961.91,20056.88,19326.94,19533.17,1406.54890884
2022-10-06 01:00:00,20166.09,20444.44,19860.94,19961.91,1321.49155688
2022-10-05 01:00:00,20340.09,20367.33,19743.18,20166.09,1101.74479621
2022-10-04 01:00:00,19629.01,20457.91,19501.38,20340.09,1540.03872757
2022-10-03 01:00:00,19061.36,19710.79,18970.65,19629.01,1287.34523178
2022-10-02 01:00:00,19317.82,19399.0,18928.22,19061.36,405.36354855
2022-10-01 01:00:00,19427.75,19488.0,19170.13,19317.82,419.80131958
2022-09-30 01:00:00,19592.0,20178.47,19162.73,19427.75,1851.44347241
2022-09-29 01:00:00,19411.95,19640.0,18844.56,19592.0,1276.29037705
2022-09-28 01:00:00,19081.94,19776.13,18480.0,19411.95,1999.23671019
2022-09-27 01:00:00,19228.5,20378.0,18828.5,19081.94,2691.19258008
2022-09-26 01:00:00,18813.98,19308.82,18692.89,19228.5,1046.83589238
2022-09-25 01:00:00,18924.93,19163.71,18640.0,18813.98,578.76829222
2022-09-24 01:00:00,19290.89,19313.41,18817.12,18924.93,500.10188484
2022-09-23 01:00:00,19400.33,19493.26,18540.01,19290.89,1308.10423462
2022-09-22 01:00:00,18428.01,19507.94,18363.3,19400.33,1387.70245141
2022-09-21 01:00:00,18881.55,19901.9,18156.69,18428.01,3335.62588075
2022-09-20 01:00:00,19534.28,19636.7,18733.6,18881.55,1381.05340303
2022-09-19 01:00:00,19420.1,19675.0,18250.0,19534.28,2174.91668961
2022-09-18 01:00:00,20122.63,20122.75,19340.0,19420.1,785.17028673
2022-09-17 01:00:00,19802.21,20177.17,19757.28,20122.63,530.74788644
2022-09-16 01:00:00,19704.24,19887.78,19327.51,19802.21,1221.05525993
2022-09-15 01:00:00,20233.65,20331.76,19490.0,19704.24,1795.37193666
2022-09-14 01:00:00,20171.63,20526.37,19628.09,20233.65,1705.48478593
2022-09-13 01:00:00,22407.24,22798.01,19880.15,20171.63,2692.49195876
2022-09-12 01:00:00,21845.19,22490.0,21553.21,22407.24,1658.2071616
2022-09-11 01:00:00,21649.02,21860.64,21366.51,21845.19,648.71714857
2022-09-10 01:00:00,21369.23,21800.0,21140.29,21649.02,1035.01133032
2022-09-09 01:00:00,19322.82,21600.0,19302.25,21369.23,3200.96875977
2022-09-08 01:00:00,19288.33,19451.72,19019.28,19322.82,1426.68179171
2022-09-07 01:00:00,18789.63,19462.1,18524.9,19288.33,1750.33952773
2022-09-06 01:00:00,19787.24,20175.0,18666.0,18789.63,2657.18542027
2022-09-05 01:00:00,20008.78,20050.0,19642.57,19787.24,511.88007337
2022-09-04 01:00:00,19833.37,20024.32,19600.86,20008.78,345.24070204
2022-09-03 01:00:00,19949.67,20049.83,19665.83,19833.37,365.26412428
2022-09-02 01:00:00,20120.31,20434.56,19764.91,19949.67,1012.80136876
2022-09-01 01:00:00,20055.37,20204.71,19568.96,20120.31,1893.19986331
2022-08-31 01:00:00,19800.79,20484.98,19800.79,20055.37,1410.76760465
2022-08-30 01:00:00,20291.72,20561.7,19549.66,19800.79,1348.9056931
2022-08-29 01:00:00,19549.6,20416.57,19549.6,20291.72,1812.85640882
2022-08-28 01:00:00,20034.85,20152.43,19523.9,19549.6,551.58525934
2022-08-27 01:00:00,20241.43,20383.39,19824.75,20034.85,1012.63835325
2022-08-26 01:00:00,21566.42,21872.32,20114.59,20241.43,2539.97315065
2022-08-25 01:00:00,21368.63,21805.16,21314.24,21566.42,733.5194519
2022-08-24 01:00:00,21519.66,21890.0,21157.19,21368.63,897.6098597
2022-08-23 01:00:00,21397.75,21690.81,20900.0,21519.66,1025.58147745
2022-08-22 01:00:00,21436.84,21539.38,20901.0,21397.75,1674.26578904
2022-08-21 01:00:00,21138.33,21791.44,21072.19,21436.84,537.35806056
2022-08-20 01:00:00,20837.7,21365.49,20754.06,21138.33,845.18313429
2022-08-19 01:00:00,23202.58,23202.58,20800.0,20837.7,2624.87860798
2022-08-18 01:00:00,23349.04,23598.06,23115.79,23202.58,651.80225672
2022-08-17 01:00:00,23868.75,24430.67,23200.0,23349.04,1236.33680743
2022-08-16 01:00:00,24100.0,24244.86,23677.98,23868.75,850.20899377
2022-08-15 01:00:00,24305.76,25204.28,23789.43,24100.0,1200.57796118
2022-08-14 01:00:00,24451.27,25029.64,24161.38,24305.76,507.0866652
2022-08-13 01:00:00,24414.77,24947.8,24313.94,24451.27,636.03510319
2022-08-12 01:00:00,23959.54,24450.0,23601.26,24414.77,893.80943897
2022-08-11 01:00:00,23962.89,24915.39,23876.78,23959.54,1594.71093323
2022-08-10 01:00:00,23151.43,24230.0,22683.86,23962.89,1396.99529166
2022-08-09 01:00:00,23823.56,23916.84,22881.23,23151.43,808.73384691
2022-08-08 01:00:00,23181.96,24240.0,23165.47,23823.56,1336.55319764
2022-08-07 01:00:00,22937.5,23399.54,22858.49,23181.96,296.9470568
2022-08-06 01:00:00,23316.92,23357.68,22923.16,22937.5,375.7125449
2022-08-05 01:00:00,22626.02,23470.63,22588.56,23316.92,1106.19819213
2022-08-04 01:00:00,22838.65,23224.38,22415.25,22626.02,1267.57411463
2022-08-03 01:00:00,22991.85,23640.77,22705.0,22838.65,1153.00553894
2022-08-02 01:00:00,23276.49,23450.0,22670.03,22991.85,1124.50097767
2022-08-01 01:00:00,23312.81,23500.1,22850.0,23276.49,1393.29480951
2022-07-31 01:00:00,23642.72,24199.99,23246.34,23312.81,728.72805008
2022-07-30 01:00:00,23812.3,24658.3,23528.41,23642.72,910.78814816
2022-07-29 01:00:00,23860.0,24444.88,23441.73,23812.3,1510.69190693
2022-07-28 01:00:00,22961.77,24196.83,22593.2,23860.0,2473.42418938
2022-07-27 01:00:00,21273.71,23152.51,21048.34,22961.77,1909.24820526
2022-07-26 01:00:00,21306.58,21339.28,20725.92,21273.71,2092.53039319
2022-07-25 01:00:00,22581.43,22659.41,21265.95,21306.58,2164.09721787
2022-07-24 01:00:00,22455.42,23007.75,22273.12,22581.43,700.53835208
2022-07-23 01:00:00,22679.04,22998.71,21953.41,22455.42,1000.82264616
2022-07-22 01:00:00,23162.89,23752.36,22514.5,22679.04,1561.76022516
2022-07-21 01:00:00,23217.92,23432.94,22350.0,23162.89,2211.88724758
2022-07-20 01:00:00,23399.05,24279.8,22923.9,23217.92,3076.66511929
2022-07-19 01:00:00,22440.9,23797.34,21588.38,23399.05,3303.28598119
2022-07-18 01:00:00,20786.36,22766.88,20764.82,22440.9,2708.29105244
2022-07-17 01:00:00,21198.04,21664.0,20753.34,20786.36,849.64474418
2022-07-16 01:00:00,20826.27,21580.88,20481.1,21198.04,829.97502747
2022-07-15 01:00:00,20578.3,21195.1,20374.79,20826.27,1427.30682419
2022-07-14 01:00:00,20232.15,20899.47,19608.68,20578.3,1734.56483544
2022-07-13 01:00:00,19311.11,20324.43,18909.0,20232.15,2479.23161886
2022-07-12 01:00:00,19947.28,20049.04,19233.68,19311.11,2261.19006431
2022-07-11 01:00:00,20835.45,20851.62,19869.47,19947.28,1703.65961153
2022-07-10 01:00:00,21576.63,21590.56,20652.02,20835.45,798.75075991
2022-07-09 01:00:00,21607.45,21954.38,21328.0,21576.63,573.22649254
2022-07-08 01:00:00,21612.5,22485.2,21177.76,21607.45,2328.51387254
2022-07-07 01:00:00,20543.96,21834.97,20242.17,21612.5,1963.88612757
2022-07-06 01:00:00,20159.6,20637.98,19746.46,20543.96,1448.44230445
2022-07-05 01:00:00,20205.45,20718.64,19281.67,20159.6,2241.2038072
2022-07-04 01:00:00,19291.37,20320.44,19033.67,20205.45,1295.33270407
2022-07-03 01:00:00,19220.19,19616.81,18776.24,19291.37,1120.55286001
2022-07-02 01:00:00,19254.9,19414.66,18967.4,19220.19,914.75580402
2022-07-01 01:00:00,19938.67,20882.35,18950.4,19254.9,2867.22662362
2022-06-30 14:00:00,19191.25,20882.35,18616.0,19258.66,3644.09415599
2022-06-29 14:00:00,19990.72,20399.03,18902.11,19191.25,2424.16272685
2022-06-28 14:00:00,20938.11,21103.07,19830.9,19990.72,2115.39900783
2022-06-27 14:00:00,21216.25,21259.12,20487.65,20938.11,1427.21082401
2022-06-26 14:00:00,21450.49,21509.49,20918.6,21216.25,1466.62234364
2022-06-25 14:00:00,21115.24,21870.14,20906.23,21450.49,816.75336815
2022-06-24 14:00:00,21196.1,21586.6,20781.0,21115.24,1636.86902788
2022-06-23 14:00:00,20548.33,21437.0,20146.07,21196.1,2345.13397403
2022-06-22 14:00:00,20364.74,20869.26,19757.23,20548.33,2655.4626808
2022-06-21 14:00:00,21089.77,21695.85,19947.37,20364.74,2372.78716766
2022-06-20 14:00:00,20539.82,21438.97,19807.88,21089.77,1860.83055837
2022-06-19 14:00:00,19322.49,20975.0,19116.68,20539.82,2261.50891335
2022-06-18 14:00:00,19125.73,19996.59,17581.01,19322.49,6096.93063637
2022-06-17 14:00:00,20621.76,20889.01,18655.78,19125.73,5259.02259491
2022-06-16 14:00:00,21121.02,21425.67,20181.12,20621.76,3794.1260525
2022-06-15 14:00:00,21162.1,22961.24,20230.0,21121.02,6404.55592526
2022-06-14 14:00:00,22115.67,22771.85,20066.0,21162.1,5186.47465126
2022-06-13 14:00:00,23619.33,24159.21,20817.49,22115.67,11424.21394742
2022-06-12 14:00:00,27401.76,28300.0,23418.54,23619.33,5689.65037844
2022-06-11 14:00:00,28447.51,28828.04,27165.97,27401.76,1511.86966286
2022-06-10 14:00:00,29612.32,29691.63,28323.13,28447.51,2381.04493259
2022-06-09 14:00:00,30075.56,30435.81,29475.0,29612.32,1238.22416791
2022-06-08 14:00:00,30126.75,30857.13,29905.54,30075.56,1338.71034508
2022-06-07 14:00:00,29479.93,31555.07,29405.07,30126.75,2181.90207967
2022-06-06 14:00:00,31386.85,31740.24,29186.45,29479.93,2016.48425425
2022-06-05 14:00:00,29697.09,31570.8,29603.14,31386.85,1173.83248876
2022-06-04 14:00:00,29512.16,29960.37,29466.5,29697.09,344.38780142
2022-06-03 14:00:00,29500.72,29868.38,29254.88,29512.16,752.73529954
2022-06-02 14:00:00,30046.31,30675.95,29459.06,29500.72,1426.7214696
2022-06-01 14:00:00,31725.72,31868.11,29308.53,30046.31,1817.38219978
2022-05-31 14:00:00,31601.17,32378.4,31220.0,31725.72,1333.93406335
2022-05-30 14:00:00,30509.71,32183.61,30248.65,31601.17,1589.61176188
2022-05-29 14:00:00,29355.13,30900.0,29050.0,30509.71,1457.35403267
2022-05-28 14:00:00,28943.86,29445.0,28762.2,29355.13,514.64864392
2022-05-27 14:00:00,29227.21,29347.77,28245.3,28943.86,1214.42450205
2022-05-26 14:00:00,28909.96,29734.66,28002.0,29227.21,2320.58243142
2022-05-25 14:00:00,29538.91,30014.14,28758.0,28909.96,1279.93685293
2022-05-24 14:00:00,29221.68,30187.6,28647.69,29538.91,1376.29420183
2022-05-23 14:00:00,30355.75,30524.87,28851.0,29221.68,1349.58762004
2022-05-22 14:00:00,30134.74,30626.76,29641.07,30355.75,659.11147387
2022-05-21 14:00:00,29252.74,30268.27,29201.64,30134.74,677.36853747
2022-05-20 14:00:00,30233.69,30394.02,28700.0,29252.74,1172.68850378
2022-05-19 14:00:00,29452.0,30733.0,29327.59,30233.69,1452.2613043
2022-05-18 14:00:00,29520.05,29634.13,28601.94,29452.0,1783.39840878
2022-05-17 14:00:00,30541.03,30733.61,29428.6,29520.05,1473.12043395
2022-05-16 14:00:00,29875.67,30735.05,29069.97,30541.03,1241.47553919
2022-05-15 14:00:00,30258.24,31402.25,29286.14,29875.67,1243.0249102
2022-05-14 14:00:00,29023.33,30537.52,28588.52,30258.24,1114.19298475
2022-05-13 14:00:00,30687.14,30980.4,28768.87,29023.33,1593.09909083
2022-05-12 14:00:00,28296.93,30960.83,27716.8,30687.14,4319.40014833
2022-05-11 14:00:00,29258.68,31955.14,25390.11,28296.93,9130.80234221
2022-05-10 14:00:00,32159.77,32354.15,29000.0,29258.68,4048.52594821
2022-05-09 14:00:00,32850.0,33394.45,29746.41,32159.77,5343.24810505
2022-05-08 14:00:00,34619.53,34721.0,32626.19,32850.0,1852.79582914
